threshold,false_negatives,false_positives,true_positives,true_negatives,total_cost
0.01,22,127,80,45340,116350
0.02,22,63,80,45404,113150
0.03,23,39,79,45428,116950
0.04,24,25,78,45442,121250
0.05,24,24,78,45443,121200
0.060000000000000005,24,21,78,45446,121050
0.06999999999999999,25,20,77,45447,126000
0.08,25,19,77,45448,125950
0.09,25,18,77,45449,125900
0.09999999999999999,25,17,77,45450,125850
0.11,25,16,77,45451,125800
0.12,25,15,77,45452,125750
0.13,25,15,77,45452,125750
0.14,25,14,77,45453,125700
0.15000000000000002,25,14,77,45453,125700
0.16,25,13,77,45454,125650
0.17,25,13,77,45454,125650
0.18000000000000002,25,11,77,45456,125550
0.19,25,11,77,45456,125550
0.2,26,11,76,45456,130550
0.21000000000000002,26,11,76,45456,130550
0.22,26,11,76,45456,130550
0.23,26,11,76,45456,130550
0.24000000000000002,26,11,76,45456,130550
0.25,26,11,76,45456,130550
0.26,26,10,76,45457,130500
0.27,27,10,75,45457,135500
0.28,27,10,75,45457,135500
0.29000000000000004,27,10,75,45457,135500
0.3,27,10,75,45457,135500
0.31,27,10,75,45457,135500
0.32,27,10,75,45457,135500
0.33,27,10,75,45457,135500
0.34,27,9,75,45458,135450
0.35000000000000003,28,9,74,45458,140450
0.36000000000000004,28,9,74,45458,140450
0.37,28,8,74,45459,140400
0.38,28,8,74,45459,140400
0.39,28,8,74,45459,140400
0.4,28,8,74,45459,140400
0.41000000000000003,28,8,74,45459,140400
0.42000000000000004,28,8,74,45459,140400
0.43,29,8,73,45459,145400
0.44,30,8,72,45459,150400
0.45,30,8,72,45459,150400
0.46,31,8,71,45459,155400
0.47000000000000003,31,8,71,45459,155400
0.48000000000000004,31,8,71,45459,155400
0.49,31,8,71,45459,155400
0.5,31,8,71,45459,155400
0.51,31,8,71,45459,155400
0.52,31,8,71,45459,155400
0.53,31,8,71,45459,155400
0.54,31,8,71,45459,155400
0.55,31,8,71,45459,155400
0.56,31,8,71,45459,155400
0.5700000000000001,31,8,71,45459,155400
0.5800000000000001,31,8,71,45459,155400
0.59,32,8,70,45459,160400
0.6,32,5,70,45462,160250
0.61,32,5,70,45462,160250
0.62,32,5,70,45462,160250
0.63,32,5,70,45462,160250
0.64,32,4,70,45463,160200
0.65,32,4,70,45463,160200
0.66,32,4,70,45463,160200
0.67,33,4,69,45463,165200
0.68,34,4,68,45463,170200
0.6900000000000001,34,4,68,45463,170200
0.7000000000000001,34,4,68,45463,170200
0.7100000000000001,35,4,67,45463,175200
0.72,36,4,66,45463,180200
0.73,36,3,66,45464,180150
0.74,36,3,66,45464,180150
0.75,36,3,66,45464,180150
0.76,36,3,66,45464,180150
0.77,36,3,66,45464,180150
0.78,36,3,66,45464,180150
0.79,38,2,64,45465,190100
0.8,38,2,64,45465,190100
0.81,40,2,62,45465,200100
0.8200000000000001,40,2,62,45465,200100
0.8300000000000001,43,2,59,45465,215100
0.8400000000000001,49,1,53,45466,245050
0.85,50,1,52,45466,250050
0.86,51,1,51,45466,255050
0.87,52,1,50,45466,260050
0.88,54,1,48,45466,270050
0.89,58,1,44,45466,290050
0.9,63,1,39,45466,315050
0.91,66,0,36,45467,330000
0.92,70,0,32,45467,350000
0.93,76,0,26,45467,380000
0.9400000000000001,83,0,19,45467,415000
0.9500000000000001,88,0,14,45467,440000
0.9600000000000001,95,0,7,45467,475000
0.97,101,0,1,45467,505000
0.98,102,0,0,45467,510000
0.99,102,0,0,45467,510000
