Feature,PSI,Interpretation
Time,8.282935196352451,Significant Drift
V1,0.9712851279056287,Significant Drift
V3,0.7629689671878634,Significant Drift
V28,0.5299233323551468,Significant Drift
V11,0.33276971777441733,Significant Drift
V25,0.25004391913690033,Significant Drift
V15,0.21154586152078578,Moderate Drift
V12,0.20195256125954197,Moderate Drift
V22,0.1654001443510541,Moderate Drift
V5,0.15806638416171545,Moderate Drift
V4,0.12461080521396294,Moderate Drift
V24,0.12411736982989603,Moderate Drift
V23,0.12315034459771121,Moderate Drift
V26,0.1216477543315844,Moderate Drift
V21,0.10439439553995455,Moderate Drift
V7,0.07505422115065032,Stable
V14,0.07009665079162444,Stable
V6,0.060040730557382606,Stable
V9,0.054920908454578234,Stable
V20,0.05375362471691493,Stable
V8,0.04886952172155039,Stable
V27,0.042512220544772196,Stable
V13,0.04225140035061644,Stable
V17,0.03696728632806948,Stable
V10,0.03264714823201458,Stable
V19,0.024790104480401413,Stable
V18,0.02415004451880623,Stable
V2,0.016299603161523665,Stable
V16,0.005319158997459328,Stable
Amount,0.003781069014228655,Stable
